lambda_um,T_H2O,A_H2O_dbm
4.015,0.9999998297250283,7.394948690190364e-07
4.0249999999999995,0.999998976767074,4.443846407942535e-06
4.034999999999999,0.9999996777422284,1.3995479449791804e-06
4.044999999999999,0.9999994933947122,2.200159367386723e-06
4.054999999999999,0.9999993995920551,2.6075393564784576e-06
4.064999999999999,0.9999997488816935,1.0905930850358642e-06
4.074999999999998,0.9999997574994449,1.0531666569983608e-06
4.084999999999998,0.9999997557374333,1.0608189782172444e-06
4.094999999999998,0.9999997551034506,1.0635723305304708e-06
4.104999999999998,0.9999991870981665,3.530389241169443e-06
4.1149999999999975,0.9999995061407324,2.1448040771348303e-06
4.124999999999997,0.9999994128939946,2.549769732726245e-06
4.134999999999997,0.999999773826559,9.82258884769322e-07
4.144999999999997,0.9999998963537885,4.5012980058326947e-07
4.154999999999997,0.9999991329013603,3.7657631773783973e-06
4.1649999999999965,0.9999998336227832,7.225671317355214e-07
4.174999999999996,0.9999992840129127,3.1094935243984577e-06
4.184999999999996,0.9999996297404836,1.6080169460524423e-06
4.194999999999996,0.9999995022341774,2.1617700382070565e-06
4.204999999999996,0.9999992540665621,3.2395489677443034e-06
4.214999999999995,0.9999989055635129,4.753079872398792e-06
4.224999999999995,0.9999991190315444,3.8259990754014695e-06
4.234999999999995,0.9999994525279308,2.377641637492997e-06
4.244999999999995,0.9999974179284834,1.121380859281992e-05
4.254999999999995,0.9999984719332607,6.636314598744662e-06
4.264999999999994,0.9999993255622777,2.929046799712038e-06
4.274999999999994,0.999995818869348,1.8158457664429417e-05
4.284999999999994,0.9999949854096251,2.1778143892701398e-05
4.294999999999994,0.9999970026629875,1.3017288757846453e-05
4.3049999999999935,0.9999911572668494,3.840367191946736e-05
4.314999999999993,0.9999934320117834,2.8524504071296663e-05
4.324999999999993,0.999995089477217,2.132618184035922e-05
4.334999999999993,0.9999872282201301,5.546748942590065e-05
4.344999999999993,0.9999926474638993,3.1931775955349884e-05
4.354999999999992,0.9999847126766845,6.639250907292299e-05
4.364999999999992,0.9999655688212503,0.0001495352837169337
4.374999999999992,0.9999963138833892,1.6008630542232498e-05
4.384999999999992,0.9999875269564342,5.4170077765121455e-05
4.394999999999992,0.999951578783785,0.00021029576152135294
4.404999999999991,0.9999837540918276,7.055565584969206e-05
4.414999999999991,0.9999895438247492,4.541082954435213e-05
4.424999999999991,0.9999649373549033,0.00015227780251104525
4.434999999999991,0.9999145838572739,0.00037097343829951146
4.4449999999999905,0.9999742695882968,0.00011174719585471278
4.45499999999999,0.9999381750088487,0.000268510825432331
4.46499999999999,0.9999812758115084,8.131887871748323e-05
4.47499999999999,0.9999742733805574,0.00011173072585236659
4.48499999999999,0.9999496166782216,0.0002188174987057704
4.4949999999999894,0.9999823941565049,7.64618798815893e-05
4.504999999999989,0.9999617589007309,0.00016608215954720622
4.514999999999989,0.9999639019231371,0.0001567747855398766
4.524999999999989,0.999901952309527,0.0004258365858456276
4.534999999999989,0.999852571527066,0.000640320924634651
4.544999999999988,0.9999400329957779,0.00026044119931640033
4.554999999999988,0.9999729477379397,0.00011748807052428803
4.564999999999988,0.999982254375486,7.70689518637362e-05
4.574999999999988,0.9998239904860015,0.0007644668856166371
4.5849999999999875,0.9999114078172731,0.00038476800495112877
4.594999999999987,0.9999890550112335,4.753374238656522e-05
4.604999999999987,0.999931913136305,0.0002957075589426211
4.614999999999987,0.999981646596068,7.970855198182305e-05
4.624999999999987,0.9994930618250771,0.0022021627477055964
4.6349999999999865,0.999938826025373,0.0002656833227013025
4.644999999999986,0.9997830514229701,0.0009422979174010249
4.654999999999986,0.9998418194637366,0.0006870236787563942
4.664999999999986,0.9997143684191693,0.0012406593883082231
4.674999999999986,0.9993044754130328,0.003021675848256896
4.684999999999985,0.9988962021429733,0.004796380789101119
4.694999999999985,0.9999789460408164,9.143714551694323e-05
4.704999999999985,0.9998081198561145,0.0008334048362399285
4.714999999999985,0.9998903822358257,0.0004760899954318181
4.7249999999999845,0.9985473227326347,0.006313484050480315
4.734999999999984,0.9999488496372022,0.00022214888465076164
4.744999999999984,0.999774357001579,0.0009800656675800982
4.754999999999984,0.9999701022322696,0.00012984629653241302
4.764999999999984,0.9995415446679901,0.001991502751327331
4.7749999999999835,0.9999002661568027,0.0004331601783195487
4.784999999999983,0.9961239273600149,0.016866278207285937
4.794999999999983,0.9992643390658172,0.003196110613730393
4.804999999999983,0.9997764929960767,0.0009707870776033821
4.814999999999983,0.9995724125989143,0.0018573856138775864
4.824999999999982,0.9990788563979175,0.004002319472866744
4.834999999999982,0.9997718101185984,0.0009911291503116072
4.844999999999982,0.98929438339815,0.04674456571144722
4.854999999999982,0.9983059834358837,0.00736325896415987
4.864999999999982,0.9999559574443482,0.00019127860111517879
4.874999999999981,0.9999419866608786,0.0002519560390481456
4.884999999999981,0.9994337947500748,0.002459694568391792
4.894999999999981,0.9896488894699448,0.045188583440106705
4.904999999999981,0.9992307630452257,0.0033420392222431768
4.9149999999999805,0.9997683965084577,0.0010059576798160303
4.92499999999998,0.9999318325958729,0.00029605736542625156
4.93499999999998,0.9986690893565926,0.005783921278911532
4.94499999999998,0.998230503027216,0.007691634881294863
4.95499999999998,0.9736510043206263,0.11596683838377413
4.964999999999979,0.9994505424796927,0.0023869195066019305
4.974999999999979,0.9988220264250285,0.0051188897851022295
4.984999999999979,0.9983182288841257,0.007309987741992283
4.994999999999979,0.9998659564785575,0.0005821826367508431
5.004999999999979,0.9970365887292172,0.012889038833005049
5.014999999999978,0.9842808495747829,0.06880964558930212
5.024999999999978,0.9545970207393081,0.20179925384082115
5.034999999999978,0.998699580078921,0.005651327305048458
5.044999999999978,0.9997340041295649,0.001155359054571829
5.0549999999999775,0.9997596882448778,0.001043786113920789
5.064999999999977,0.9994519049894954,0.002380998952653666
5.074999999999977,0.9993046828688836,0.0030207742519554755
5.084999999999977,0.9587675498402095,0.18286673390807295
5.094999999999977,0.9962502222925443,0.01631568692027369
5.1049999999999764,0.9991316709179588,0.003772743516678773
5.114999999999976,0.9926086616084533,0.032219394224520546
5.124999999999976,0.9994105769335662,0.002560586561133464
5.134999999999976,0.9877943416912224,0.053334659040891394
5.144999999999976,0.9143062111399437,0.3890832993718801
5.154999999999975,0.9943911728668151,0.024427395476750734
5.164999999999975,0.9993513804137232,0.0028178330214105223
5.174999999999975,0.9962427297762972,0.016348349103176993
5.184999999999975,0.9993872171577255,0.0026620977973030435
5.1949999999999745,0.9641130631844703,0.15872032655437285
5.204999999999974,0.962261236735608,0.16707008761533737
5.214999999999974,0.8955424182627051,0.4791383853507339
5.224999999999974,0.9975998779581711,0.010436126591209672
5.234999999999974,0.9624681082992778,0.16613652073080704
5.2449999999999735,0.9800547785201467,0.0874964946652271
5.254999999999973,0.9932635708588514,0.029354925108569428
5.264999999999973,0.9992978094837411,0.0030506458572478108
5.274999999999973,0.9603127444046581,0.17587307533277624
5.284999999999973,0.9939206967078081,0.026482658603865998
5.294999999999972,0.9088344136286008,0.4151523646796337
5.304999999999972,0.9868672136464591,0.05741279204912026
5.314999999999972,0.9992472467690041,0.0032703967999280414
5.324999999999972,0.9962768705448636,0.016199520982285658
5.3349999999999715,0.998434972882227,0.006802150577302498
5.344999999999971,0.8764593098409121,0.572682414889069
5.354999999999971,0.8529487122078214,0.6907708216751391
5.364999999999971,0.9954938828853761,0.019614042827680724
5.374999999999971,0.9901896997398995,0.04281595646819435
5.3849999999999705,0.9907613572247453,0.04030940591788115
5.39499999999997,0.9972618252421726,0.011908052492843848
5.40499999999997,0.9934514860073901,0.028533362780970455
5.41499999999997,0.924989777007509,0.3386306705962858
5.42499999999997,0.7535409469205283,1.2289314343100997
5.434999999999969,0.9943348496459307,0.024673390789959004
5.444999999999969,0.9616016567715189,0.1700479708207137
5.454999999999969,0.9842723790477295,0.06884702027752142
5.464999999999969,0.7674318594717418,1.1496017528942897
5.474999999999969,0.8610615092410245,0.649658239588598
5.484999999999968,0.9715684075924972,0.1252661555414334
5.494999999999968,0.9977996749531404,0.00956641874167746
5.504999999999968,0.9781717853704532,0.09584868231808942
5.514999999999968,0.97486355708246,0.11056164355599685
5.5249999999999675,0.9070580391897239,0.42364923200772575
5.534999999999967,0.9672611794213155,0.14456242084432022
5.544999999999967,0.936643232698504,0.2842580033455456
5.554999999999967,0.832969947911479,0.7937066689050924
5.564999999999967,0.9303993455105634,0.31330603783961797
5.574999999999966,0.7603889646535351,1.1896419457468006
5.584999999999966,0.8617304196979212,0.6462857587911661
5.594999999999966,0.9901208595260651,0.043117898250744094
5.604999999999966,0.9085412606628263,0.4165534477720806
5.614999999999966,0.8835228422425937,0.537822179380044
5.624999999999965,0.9696034690597977,0.13405839350610424
5.634999999999965,0.8564213163946064,0.6731253161891226
5.644999999999965,0.5928693864494462,2.2704097441356326
5.654999999999965,0.8286517628922976,0.8162794137764222
5.6649999999999645,0.9862422682476608,0.06016388467479892
5.674999999999964,0.7815695567289282,1.0703236536160872
5.684999999999964,0.965188891020457,0.15387685308920573
5.694999999999964,0.8483653477391144,0.7141707894971767
5.704999999999964,0.8526953821885952,0.6920608895224801
5.714999999999963,0.6728207983183662,1.7210059203878645
5.724999999999963,0.8326445703007386,0.795403456500684
5.734999999999963,0.8262892307422107,0.8286790748766859
5.744999999999963,0.7416396188652482,1.2980707795341397
5.754999999999963,0.9317151019140288,0.30716865094115475
5.764999999999962,0.457248317021622,3.398478843415791
5.774999999999962,0.8533770654941671,0.6885903298264662
5.784999999999962,0.894352441147626,0.48491303259434004
5.794999999999962,0.9860949095053226,0.060812831411681506
5.8049999999999615,0.9252361397447513,0.3374741201772856
5.814999999999961,0.7525456017506071,1.234671781413008
5.824999999999961,0.5780749864439313,2.380158223294319
5.834999999999961,0.7403467727061623,1.305648124352806
5.844999999999961,0.9146598228875482,0.38740397203854354
5.8549999999999605,0.8941292609476446,0.48599692324540533
5.86499999999996,0.6597042023120002,1.8065074945736714
5.87499999999996,0.7188235365793395,1.4337771114127622
5.88499999999996,0.4872561340446936,3.1224268486299622
5.89499999999996,0.44918551281898356,3.4757425909854294
5.904999999999959,0.9308430624918252,0.3112353366852603
5.914999999999959,0.8809508325439972,0.5504832967047105
5.924999999999959,0.8642391617328856,0.6336605816000264
5.934999999999959,0.41564039524978635,3.812822508609039
5.9449999999999585,0.7458032603124106,1.2737572243275088
5.954999999999958,0.8472314565169428,0.7199792785558695
5.964999999999958,0.698955226478105,1.5555064330478987
5.974999999999958,0.8615603383281393,0.6471430186617555
5.984999999999958,0.6750251552710781,1.7068004258844542
5.9949999999999575,0.7126210503065138,1.4714135305301403
6.004999999999957,0.9752893482884771,0.10866518945083076
6.014999999999957,0.7129846494834807,1.4691982038149265
6.024999999999957,0.9799515940161194,0.08795376318625103
6.034999999999957,0.9435160595436429,0.25250703329650004
6.044999999999956,0.36681195477299655,4.355565186744828
6.054999999999956,0.5606491229097545,2.513088529296353
6.064999999999956,0.7069263477261445,1.5062583152467686
6.074999999999956,0.5204091020042284,2.836551161926156
6.0849999999999556,0.9470453991075252,0.23629201451540835
6.094999999999955,0.9574097996625942,0.18902131567243355
6.104999999999955,0.7865720726045387,1.042614773631605
6.114999999999955,0.44261581049654125,3.5397307687788326
6.124999999999955,0.9645297869076046,0.15684355796299554
6.1349999999999545,0.9773423721705126,0.09953272210029102
6.144999999999954,0.8003832860468574,0.9670198906807331
6.154999999999954,0.7710053829781245,1.1294258979659857
6.164999999999954,0.8480858779593602,0.7156016845617131
6.174999999999954,0.9578072654336911,0.1872187294616401
6.184999999999953,0.5354826596900926,2.7125458818009824
6.194999999999953,0.9598311329042338,0.17805167480038192
6.204999999999953,0.9874930649591245,0.05465945686879283
6.214999999999953,0.919458527561965,0.36467854960090634
6.224999999999953,0.9492909179739717,0.22600674075113036
6.234999999999952,0.95630775576867,0.19402322030035557
6.244999999999952,0.9745754632883649,0.11184526971356834
6.254999999999952,0.9980430954430654,0.00850705497165662
6.264999999999952,0.9748227583491628,0.11074340268926834
6.2749999999999515,0.9526642351106551,0.2106013874550799
6.284999999999951,0.9794030278028493,0.09038557703917574
6.294999999999951,0.9879967178446054,0.05244498149562431
6.304999999999951,0.9972489658194508,0.011964053958001472
6.314999999999951,0.9923344786261292,0.0334191883606728
6.32499999999995,0.9899448527959985,0.04388998123133797
6.33499999999995,0.9266618689223597,0.330787073331747
6.34499999999995,0.4910184814690028,3.089021611378249
6.35499999999995,0.9497281794557156,0.22400675820979296
6.36499999999995,0.8374322464338747,0.7705032004060932
6.374999999999949,0.6780722738832599,1.6872401339571355
6.384999999999949,0.9077059431453534,0.42054821030543005
6.394999999999949,0.8547902297550988,0.6814045046175508
6.404999999999949,0.6445061475164048,1.9077293584398534
6.4149999999999485,0.18649948013265724,7.293223744495721
6.424999999999948,0.6988619153332172,1.5560862587514608
6.434999999999948,0.6302501096574318,2.004870700884647
6.444999999999948,0.9300973255374342,0.31471604422068655
6.454999999999948,0.7700563818489322,1.1347747556851657
6.4649999999999475,0.9256386854245466,0.33558503110623394
6.474999999999947,0.5809054544836934,2.358945456428136
6.484999999999947,0.48956290114084083,3.1019150025848368
6.494999999999947,0.21651457070532704,6.645128717633161
6.504999999999947,0.8239755851308932,0.8408565650678956
6.514999999999946,0.7313573606324536,1.3587036336062595
6.524999999999946,0.649266862472381,1.8757676224759
6.534999999999946,0.9575319164156267,0.18846741231739594
6.544999999999946,0.7011292241180003,1.5420193046524064
6.5549999999999455,0.6472741128544119,1.889117618516785
6.564999999999945,0.657351667786321,1.822022308679433
6.574999999999945,0.3781094918791837,4.223824201804155
6.584999999999945,0.772900498020305,1.1187641286330172
6.594999999999945,0.6130549921172243,2.1250056675097624
6.6049999999999445,0.8596410854129037,0.6568283615208259
6.614999999999944,0.7600968142980044,1.1913108766978284
6.624999999999944,0.6212140740149427,2.067587136038323
6.634999999999944,0.3330228105522919,4.775260182723386
6.644999999999944,0.567148942356226,2.463028734720823
6.654999999999943,0.9151586005231133,0.3850363449842277
6.664999999999943,0.9317576545443009,0.30697030757974203
6.674999999999943,0.6971584499554756,1.566685043686724
6.684999999999943,0.6144032382404758,2.11546504001506
6.6949999999999426,0.9736264414515746,0.11607640180025186
6.704999999999942,0.7527971248146659,1.23322048294282
6.714999999999942,0.6876998065437064,1.6260109782900058
6.724999999999942,0.7263731393506562,1.3884022402369554
6.734999999999942,0.9846876608297007,0.06701504212289477
6.7449999999999415,0.9801383497598748,0.08712617882483258
6.754999999999941,0.9199136005658751,0.3625296021913912
6.764999999999941,0.981829902461212,0.07963745228468913
6.774999999999941,0.711735861923431,1.4768115101574177
6.784999999999941,0.6457788364173264,1.899161918641949
6.79499999999994,0.5915729359083669,2.2799170292145017
6.80499999999994,0.9749020759602575,0.11039004820325052
6.81499999999994,0.974126751719047,0.11384529783961288
6.82499999999994,0.6606476343546339,1.8003011579213093
6.83499999999994,0.9649824794945886,0.15480571762835482
6.844999999999939,0.9697619979843269,0.13334838563529894
6.854999999999939,0.5780058073525729,2.3806779810454572
6.864999999999939,0.41363759740598444,3.8337999311563338
6.874999999999939,0.8253380664068648,0.8336812381202251
6.8849999999999385,0.913120509170934,0.3947190262534166
6.894999999999938,0.9848411929514368,0.0663379446203938
6.904999999999938,0.7759528683442755,1.101646571434086
6.914999999999938,0.973782016012698,0.11538250347291167
6.924999999999938,0.9933502322195916,0.028976023575425447
6.934999999999937,0.992668310716115,0.03195842027804476
6.944999999999937,0.9888976169142818,0.04848669687800276
6.954999999999937,0.7584453659896588,1.200756978090657
6.964999999999937,0.6951795830176996,1.5790299132486427
6.974999999999937,0.9471077333311371,0.2360061726909589
6.984999999999936,0.9692956568829795,0.13543733198917612
6.994999999999936,0.8072779409459093,0.929769145503449
7.004999999999936,0.9777647273760138,0.0976563385707318
7.014999999999936,0.985041888491719,0.06545300919646106
7.0249999999999355,0.814349344501544,0.8918924886741579
7.034999999999935,0.9726546421553932,0.12041336125053434
7.044999999999935,0.5146067342357165,2.885245348332602
7.054999999999935,0.8456099454349152,0.7282991782207787
7.064999999999935,0.9484723913757802,0.22975306259408707
7.0749999999999345,0.994906662308795,0.02217660908183702
7.084999999999934,0.9635845000617902,0.16110194551418225
7.094999999999934,0.9798432508952079,0.08843394425963408
7.104999999999934,0.9946683973683802,0.023216802552744505
7.114999999999934,0.8274818368352356,0.8224153017919561
7.124999999999933,0.9820556573392611,0.0786389816992515
7.134999999999933,0.9910768693408437,0.03892659706581616
7.144999999999933,0.7564455650598546,1.212223189887399
7.154999999999933,0.9081274350804962,0.41853203825922936
7.1649999999999325,0.8249463754897367,0.8357428125106271
7.174999999999932,0.7742769245682852,1.1110368362939576
7.184999999999932,0.9867311836953578,0.0580114655919239
7.194999999999932,0.9872481293053832,0.05573680516836411
7.204999999999932,0.7793231196392093,1.0828243965611437
7.2149999999999315,0.9401419896397503,0.26806549953343606
7.224999999999931,0.9955893244137725,0.019197689266897876
7.234999999999931,0.995372692217246,0.02014278181150106
7.244999999999931,0.9807536374685112,0.08440072462180744
7.254999999999931,0.9647852418118559,0.15569348496518737
7.26499999999993,0.9880878467211388,0.05204442406039885
7.27499999999993,0.7545576965712507,1.2230754668427932
7.28499999999993,0.9539098523063075,0.20492665647899241
7.29499999999993,0.9941972530991019,0.025274411221357186
7.3049999999999295,0.9269855858672333,0.32927018851178647
7.314999999999929,0.9958966099059975,0.01785745991953939
7.324999999999929,0.9950182166289049,0.021689681899612817
7.334999999999929,0.7806516115722517,1.0754273939853007
7.344999999999929,0.8863088059995691,0.5241493570298699
7.3549999999999285,0.9944915945517148,0.023988831833213153
7.364999999999928,0.9874963082612702,0.054645193012549956
7.374999999999928,0.9937552096441266,0.02720581592060631
7.384999999999928,0.9708188566849565,0.12861796746066836
7.394999999999928,0.9980306817079414,0.0085610731820647
7.404999999999927,0.9951878944531894,0.020949154146669556
7.414999999999927,0.9800334233275699,0.0875911275729471
7.424999999999927,0.9986793588248957,0.005739262337000783
7.434999999999927,0.9984756574047083,0.006625186587557994
7.444999999999927,0.9976166742882381,0.010363006172713848
7.454999999999926,0.9576028381188622,0.1881457544883218
7.464999999999926,0.8548563491062294,0.6810685840862264
7.474999999999926,0.9285307744458157,0.3220369779332637
7.484999999999926,0.9442967343041511,0.2489151224769384
7.4949999999999255,0.9984609807182805,0.0066890244060112194
7.504999999999925,0.9986173119623661,0.00600909315801779
7.514999999999925,0.9959582749545473,0.01758855689328415
7.524999999999925,0.9985308101446129,0.006385302230669895
7.534999999999925,0.9987425923088442,0.005464288357226935
7.544999999999924,0.9990817130021138,0.0039899019779122925
7.554999999999924,0.9954353500531368,0.01986940585755111
7.564999999999924,0.9982446275058164,0.007630184748285966
7.574999999999924,0.9721354304323074,0.12273228291525634
7.584999999999924,0.9448636939004047,0.24630838323096127
7.594999999999923,0.9688334066843413,0.1375089454653631
7.604999999999923,0.9851264598010326,0.06508015930252566
7.614999999999923,0.957345753032215,0.18931184986756255
7.624999999999923,0.9967383369725239,0.014188373993120392
7.6349999999999225,0.9991292566305724,0.003783237758699033
7.644999999999922,0.9886293185672536,0.04966514345430387
7.654999999999922,0.9987500671705685,0.005431784696355461
7.664999999999922,0.9993635466494191,0.002764961759413322
7.674999999999922,0.999876423813574,0.000536717722042295
7.6849999999999214,0.9998819227663936,0.0005128331874943053
7.694999999999921,0.9998916869755008,0.00047042296550959774
7.704999999999921,0.9993467501443443,0.002837955123995667
7.714999999999921,0.9943842805330758,0.024457497442312567
7.724999999999921,0.9997341910139997,0.0011545472099124194
7.73499999999992,0.9996145579799929,0.0016742761127431342
7.74499999999992,0.9953391743515427,0.02028902722617847
7.75499999999992,0.9972755007462191,0.011848497869650242
7.76499999999992,0.9827619167836712,0.07551681303841264
7.7749999999999195,0.9989882882300556,0.0043960325237139344
7.784999999999919,0.998539500255659,0.006347506192595375
7.794999999999919,0.9998155035023514,0.0008013320323426948
7.804999999999919,0.9992837815864904,0.0031116114780260773
7.814999999999919,0.9970209650104023,0.01295709398874055
7.8249999999999185,0.9999090569338857,0.00039497867836650147
7.834999999999918,0.9998258641766992,0.0007563281254340948
7.844999999999918,0.9998049490210678,0.0008471782625618889
7.854999999999918,0.9979730170709388,0.008812008926056407
7.864999999999918,0.9794791916581033,0.09004785850004826
7.874999999999917,0.9900665124018865,0.04335628635965352
7.884999999999917,0.9933944510733772,0.02878270226584976
7.894999999999917,0.9962455789684622,0.016335928569217503
7.904999999999917,0.9985056518293243,0.00649472554579153
7.9149999999999165,0.9991450659108987,0.003714519633952449
7.924999999999916,0.9993119092489802,0.0029893687586512356
7.934999999999916,0.9812417257855783,0.08223992372363444
7.944999999999916,0.9985467138257457,0.006316132347426317
7.954999999999916,0.9997404924497988,0.001127173231954738
7.9649999999999155,0.9998644758263882,0.0005886138942479974
7.974999999999915,0.9997496046990328,0.0010875891443341197
7.984999999999915,0.9997001769052084,0.001302310397275577
7.994999999999915,0.9997997866714124,0.0008696024940006472
8.004999999999914,0.9998093073872173,0.0008282464674639602
8.014999999999915,0.9998858099331253,0.0004959494761094958
8.024999999999913,0.9998841538525206,0.0005031425701274236
8.034999999999915,0.994299438874065,0.024828056762597476
8.044999999999913,0.9991804425918175,0.003560751919460305
8.054999999999914,0.9999137765583264,0.00037447979399603384
8.064999999999912,0.999413957471805,0.002545896436235582
8.074999999999914,0.9998592286780154,0.0006114051186447165
8.084999999999912,0.9997649362249895,0.0010209890072909187
8.094999999999914,0.9999782762242273,9.434618422324601e-05
8.104999999999912,0.9999741616024722,0.000112216184424847
8.114999999999913,0.9999738984418693,0.0001133591060832818
8.124999999999911,0.9999839505465079,6.970245023641104e-05
8.134999999999913,0.9999042393432799,0.0004159031618676041
8.14499999999991,0.99993925891176,0.0002638032064021008
8.154999999999912,0.9991195267472915,0.0038255311373175524
8.16499999999991,0.9951500694967316,0.021114223297410806
8.174999999999912,0.9998547289148667,0.0006309501370500933
8.18499999999991,0.9998090936986731,0.0008291746821227018
8.194999999999911,0.999834376894646,0.0007193515795747602
8.20499999999991,0.9980301608681997,0.008563339624258624
8.214999999999911,0.9998932178776572,0.00046377362680087044
8.224999999999909,0.9999060625315959,0.0004079844045298605
8.23499999999991,0.9998566316353324,0.0006226855343161421
8.244999999999909,0.9958557694317005,0.01803556230628159
8.25499999999991,0.9981259062917605,0.008146721807286428
8.264999999999908,0.9998941779315594,0.0004596037224104585
8.27499999999991,0.9999387569204998,0.00026598345972309517
8.284999999999908,0.9999429340238533,0.00024784145717412766
8.29499999999991,0.9998990416208042,0.00043847880429334244
8.304999999999907,0.9999878522959424,5.2757128839530255e-05
8.314999999999909,0.9999891800610463,4.699065203961834e-05
8.324999999999907,0.9999724499119398,0.0001196501603987878
8.334999999999908,0.9999449666017015,0.00023901358893951453
8.344999999999906,0.9977176360363956,0.009923509593933379
8.354999999999908,0.9999047167680997,0.0004138295341430711
8.364999999999906,0.9999589487473971,0.0001782869842835995
8.374999999999908,0.9999429373732757,0.0002478269099873173
8.384999999999906,0.999974370705027,0.00011130804019767176
8.394999999999907,0.9999230405208198,0.0003342436331539573
8.404999999999905,0.9999588104385334,0.0001788876767473297
8.414999999999907,0.9998706922169475,0.0005616128777092494
8.424999999999905,0.9959620877935091,0.017571930777576864
8.434999999999906,0.9998791536703397,0.000524860655677782
8.444999999999904,0.9999450613129414,0.00023860224063268465
8.454999999999906,0.9999872900818214,5.5198824091039463e-05
8.464999999999904,0.9999369873169623,0.00027366922773843145
8.474999999999905,0.9999813984947479,8.078606223443192e-05
8.484999999999904,0.999951404832267,0.00021105126001342179
8.494999999999905,0.9999490128879875,0.00022143985928936056
8.504999999999903,0.9998081643824243,0.0008332114238259916
8.514999999999905,0.9943828119965493,0.024463911238199736
8.524999999999903,0.9996394628710304,0.001566075187420263
8.534999999999904,0.9999535327775223,0.00020180927190882838
8.544999999999902,0.9999706209704228,0.00012759337858461427
8.554999999999904,0.999974946597487,0.00010880690764037456
8.564999999999902,0.9999764042437143,0.00010247627651970176
8.574999999999903,0.9997483454659848,0.001093059297120784
8.584999999999901,0.9993557684899954,0.002798763521286409
8.594999999999903,0.9999652484316345,0.0001509267662724007
8.604999999999901,0.9999827619760671,7.48644319892168e-05
8.614999999999903,0.9999948677754736,2.2289025113059645e-05
8.6249999999999,0.9999959699285013,1.7502413403794046e-05
8.634999999999902,0.9999952533502316,2.061448694413174e-05
8.6449999999999,0.9999976166183551,1.0350907301723238e-05
8.654999999999902,0.9999915112173485,3.686647111205654e-05
8.6649999999999,0.9999790617678138,9.093453900026027e-05
8.674999999999901,0.9995560627598724,0.0019284230180621397
8.6849999999999,0.9997758973198511,0.0009733746456917817
8.6949999999999,0.9995443925742011,0.0019791287965171987
8.704999999999899,0.999734944430498,0.0011512742948972651
8.7149999999999,0.9999854587960257,6.315210561744904e-05
8.724999999999898,0.9999941311235082,2.5488281547413886e-05
8.7349999999999,0.9999954013385008,1.9971779054002826e-05
8.744999999999898,0.9999938646801095,2.6645437470629888e-05
8.7549999999999,0.9999863397218018,5.932623963462301e-05
8.764999999999898,0.9999791111587812,9.072003226807149e-05
8.774999999999899,0.9999854883452446,6.302377312632699e-05
8.784999999999897,0.9999301165190734,0.00030351070674211085
8.794999999999899,0.9993706686227967,0.0027340118340602386
8.804999999999897,0.9974670648514775,0.011014352797147535
8.814999999999898,0.9999272609721209,0.0003159130740131407
8.824999999999896,0.999977182407525,9.909667560027057e-05
8.834999999999898,0.9999895390490653,4.543157029317938e-05
8.844999999999896,0.9999941012597517,2.5617978956957015e-05
8.854999999999897,0.9999928108419261,3.122222904093862e-05
8.864999999999895,0.9999969713562774,1.3153252481990916e-05
8.874999999999897,0.9999961546797123,1.6700045929707784e-05
8.884999999999895,0.9999952774279148,2.0509918399616966e-05
8.894999999999897,0.9999896764201456,4.483496907171613e-05
8.904999999999895,0.9999894085313311,4.599840757725882e-05
8.914999999999896,0.9993253230032884,0.002931073842658149
8.924999999999894,0.9997615781738908,0.001035576291346754
8.934999999999896,0.9999896258302224,4.50546805900773e-05
8.944999999999894,0.9999626787399275,0.00016208719773966592
8.954999999999895,0.9999932790160662,2.9188960443643456e-05
8.964999999999893,0.9999948989909668,2.215345725498653e-05
8.974999999999895,0.9999921451288786,3.411340581934621e-05
8.984999999999893,0.9999881644195154,5.140157713003513e-05
8.994999999999894,0.999542263744249,0.0019883784115669947
9.004999999999892,0.9999646421083236,0.00015356008726445495
9.014999999999894,0.9999908797652165,3.9608857022671855e-05
9.024999999999892,0.9999768027862975,0.00010074538757581408
9.034999999999894,0.999204109590737,0.003457884360529072
9.044999999999892,0.9999753289161478,0.0001071464775110383
9.054999999999893,0.9999918839648846,3.524763569128701e-05
9.064999999999891,0.9999896087515002,4.512885330834708e-05
9.074999999999893,0.999739776735621,0.0011302823470866468
9.08499999999989,0.9999355125315261,0.0002800745478474797
9.094999999999892,0.9997353609256148,0.0011494650004011148
9.10499999999989,0.9999922235179494,3.377296374970466e-05
9.114999999999892,0.9999975398657338,1.0684240507817842e-05
9.12499999999989,0.9999978681462546,9.258533047546988e-06
9.134999999999891,0.9999983197443988,7.297263488564312e-06
9.14499999999989,0.9999970930612184,1.2624693070309314e-05
9.154999999999891,0.999988674704756,4.918541082388806e-05
9.164999999999889,0.9996592322336593,0.0014801878197973819
9.17499999999989,0.9999923706277674,3.313406900645945e-05
9.184999999999889,0.9999972833590375,1.1798237819138739e-05
9.19499999999989,0.9999914000894036,3.734909776858788e-05
9.204999999999888,0.9999973305184514,1.1593426535175583e-05
9.21499999999989,0.9999691561302267,0.00013395529029106056
9.224999999999888,0.999998053938858,8.451644377927293e-06
9.23499999999989,0.9999992335232831,3.3287673621666556e-06
9.244999999999887,0.9999898169145974,4.422480316371664e-05
9.254999999999889,0.9999982419434902,7.635149122382081e-06
9.264999999999887,0.9999988156190662,5.143704086138841e-06
9.274999999999888,0.9999990182074628,4.263872905734862e-06
9.284999999999886,0.9999958419896726,1.8058046951586e-05
9.294999999999888,0.9999817938821588,7.906888492404537e-05
9.304999999999886,0.9997227076486659,0.0012044323782455
9.314999999999888,0.9999767216747056,0.00010109765892956592
9.324999999999886,0.9999580344578289,0.0001822578582513753
9.334999999999887,0.9999974882229616,1.0908522775208642e-05
9.344999999999885,0.9999978817005888,9.199667196917297e-06
9.354999999999887,0.9999965586289253,1.4945710395962482e-05
9.364999999999885,0.9999920123456225,3.469008074128743e-05
9.374999999999886,0.9993760611018809,0.002710577910439477
9.384999999999884,0.9997927348285278,0.0009002344994630341
9.394999999999886,0.9999923937027735,3.3033854764730825e-05
9.404999999999884,0.9999805947292167,8.427683792014424e-05
9.414999999999885,0.9999438514053348,0.00024385709447776352
9.424999999999883,0.9999943191309691,2.4671770803770503e-05
9.434999999999885,0.9999122862977143,0.00038095247651999257
9.444999999999883,0.9999793124308981,8.98459003992971e-05
9.454999999999885,0.9999981896860515,7.862100700005606e-06
9.464999999999883,0.9999971304574533,1.2462282816677672e-05
9.474999999999884,0.9999488812104311,0.00022201175684783032
9.484999999999882,0.9999982922787835,7.416545342458441e-06
9.494999999999884,0.9999982986973793,7.3886696872344764e-06
9.504999999999882,0.9999949569444345,2.1901767266151268e-05
9.514999999999883,0.9999432394107638,0.0002465151031860495
9.524999999999881,0.9999637635106635,0.00015737592501654144
9.534999999999883,0.9999716659281498,0.00012305505387757157
9.544999999999881,0.9999986810636423,5.7280715987277435e-06
9.554999999999882,0.9999994920717848,2.205904770665614e-06
9.56499999999988,0.999999503013974,2.1583834230896305e-06
9.574999999999882,0.9999988957950557,4.7955037894244035e-06
9.58499999999988,0.9999976696390271,1.0120640905925141e-05
9.594999999999882,0.9999706015443898,0.00012767774725349425
9.60499999999988,0.9999979884810081,8.73592477062569e-06
9.614999999999881,0.9999766184830948,0.00010154582485678458
9.62499999999988,0.9999647628328697,0.000153035768715127
9.63499999999988,0.9999935367491237,2.8069632617868086e-05
9.644999999999879,0.999999216690581,3.4018709152810244e-06
9.65499999999988,0.9999990749886055,4.017275301222143e-06
9.664999999999878,0.9999992046578005,3.45412865847642e-06
9.67499999999988,0.9999987808653231,5.2946378560870235e-06
9.684999999999878,0.9999787425135087,9.232107208344278e-05
9.69499999999988,0.9999959975669012,1.738238087605216e-05
9.704999999999878,0.9999639802481175,0.00015643461220580813
9.714999999999879,0.9999079899499178,0.00039961295478930446
9.724999999999877,0.9999058421243798,0.00040894171093925144
9.734999999999879,0.9999971284893403,1.2470830247395547e-05
9.744999999999877,0.9999988251621726,5.1022588526819e-06
9.754999999999878,0.9999993435183155,2.8510646661419983e-06
9.764999999999876,0.999999543490684,1.982595221367606e-06
9.774999999999878,0.9999995499370571,1.954598966012467e-06
9.784999999999876,0.9999942437722413,2.4999051471867373e-05
9.794999999999877,0.9999993017757217,3.0323505705259092e-06
9.804999999999875,0.9999932816968181,2.9177318007601763e-05
9.814999999999877,0.9999945537718647,2.3652732672413574e-05
9.824999999999875,0.9998821193944719,0.0005119791418411493
9.834999999999877,0.9999935410418463,2.8050989439942617e-05
9.844999999999875,0.9999953642388216,2.0132901657585834e-05
9.854999999999876,0.9997395963751416,0.001131065846651379
9.864999999999874,0.9999864482511759,5.885489613880299e-05
9.874999999999876,0.9999976180417951,1.034472536547933e-05
9.884999999999874,0.999992418636659,3.292556745351339e-05
9.894999999999875,0.9999100727391781,0.0003905666930359517
9.904999999999873,0.9999235491831064,0.0003320343714498776
9.914999999999875,0.9999983574947336,7.1333155949958105e-06
9.924999999999873,0.9999920771425389,3.4408669070268786e-05
9.934999999999874,0.9999985483880761,6.304275059768486e-06
9.944999999999872,0.9999988785687939,4.870316577379703e-06
9.954999999999874,0.999992433976722,3.285894590182296e-05
9.964999999999872,0.9999813923316342,8.081282879506473e-05
9.974999999999874,0.9999991566463884,3.6626397426156835e-06
9.984999999999872,0.9999957953197264,1.826073280031704e-05
9.994999999999873,0.9999721514300894,0.00012094648651169142
