lambda_um,T_H2O,T_CO2,T_O3,T_N2O,T_CH4,T_O2
4.03,0.9999993261219705,0.999999767667263,0.9999999998273805,0.9999950792190261,0.999999603524728,1.0
4.05,0.9999994467071249,0.9999999152810721,0.9999999998047603,0.9999951896396474,0.9999995746229409,1.0
4.069999999999999,0.9999997530973005,0.999999729908322,0.9999999998484618,0.9999969297202691,0.9999996753459927,1.0
4.089999999999999,0.9999997554295667,0.999998901729195,0.999999999889672,0.9999949370320845,0.9999997387092533,1.0
4.1099999999999985,0.9999993463550794,0.9999993445541036,0.9999999998182674,0.9999977431673083,0.9999996513383291,1.0
4.129999999999998,0.9999995929053247,0.9999991571558026,0.9999999991875471,0.9999994981106679,0.9999999208910304,1.0
4.149999999999998,0.9999995156785191,0.9999992194591975,0.9999999995660237,0.999999925747409,0.9999997355410455,1.0
4.169999999999997,0.9999995592496399,0.9999003357642303,0.9999999994204134,0.9999999644864127,0.9999999767035039,1.0
4.189999999999997,0.9999995666391256,0.9803018060045676,0.999999999537157,0.9999999818410978,0.9999998443193193,1.0
4.209999999999996,0.9999990803141664,0.6827070861890558,0.9999999997449904,0.9999999904745265,0.999999989476141,1.0
4.229999999999996,0.9999992853011513,0.394700941919482,0.999999999797155,0.9999999658010589,0.9999998671611279,1.0
4.249999999999996,0.9999979439850969,0.5347872630410376,0.999999998018592,0.9999998444566397,0.9999999746671073,1.0
4.269999999999995,0.9999975735911742,0.5201294075294882,0.9999999992547018,0.9999996014046136,0.9999999508127085,1.0
4.289999999999995,0.9999959924532402,0.5252064009885324,0.999999999093387,0.9999995574971997,0.9999999873544476,1.0
4.309999999999994,0.9999922910398756,0.6458753260577985,0.9999999992332955,0.999999716681174,0.9999999659172558,1.0
4.329999999999994,0.9999911795792462,0.8356208333478419,0.9999999994593625,0.999999509388192,0.9999999873668838,1.0
4.349999999999993,0.9999886733403996,0.9360294725172336,0.9999999994888796,0.9999996497315312,0.9999999785207538,1.0
4.369999999999993,0.9999808984031041,0.9780709917678311,0.9999999992085656,0.9999998623281613,0.99999998746335,1.0
4.389999999999993,0.9999695875569812,0.986779132206592,0.999999998555285,0.999999947795915,0.9999999757881772,1.0
4.409999999999992,0.9999866433503405,0.9833233244310929,0.9999999969824769,0.9999993037423837,0.9999999859032113,1.0
4.429999999999992,0.9999398100749487,0.9909561638942922,0.9999999955458271,0.9999362493882199,0.9999999806716887,1.0
4.449999999999991,0.9999562835246741,0.9964293614438923,0.9999999946597801,0.9994390376667681,0.9999999796814834,1.0
4.469999999999991,0.9999777849713226,0.9990392799422805,0.9999999881264608,0.9988893801412678,0.9999999891863627,1.0
4.48999999999999,0.999965970535473,0.9998161671010765,0.9999999849563479,0.9994506617232275,0.9999999875966048,1.0
4.50999999999999,0.999962829429786,0.9999656916564111,0.9999999863247503,0.9993233110326344,0.9999999970381983,1.0
4.52999999999999,0.9998773132004413,0.999993434614498,0.9999999866786,0.9991704787127995,0.9999999980168336,1.0
4.549999999999989,0.9999564560377763,0.9999983730515007,0.9999999855457533,0.9994875957938105,0.999999937188586,1.0
4.569999999999989,0.9999032875870977,0.9999995255653652,0.9999999780079541,0.9997605833939218,0.9999999962689257,1.0
4.589999999999988,0.9999501087610906,0.9999997808832994,0.9999999705827571,0.9999182147595261,0.9999999965244841,1.0
4.609999999999988,0.9999567007946373,0.9999995174955751,0.999999975735074,0.9999730327869367,0.9999999946472863,1.0
4.6299999999999875,0.9997152366401002,0.9999995597070647,0.9999999829704206,0.9999909550761973,0.9999999933939484,1.0
4.649999999999987,0.9998123342769076,0.9999995115071726,0.9999999853317075,0.9999968332714365,0.9999999927601279,1.0
4.669999999999987,0.9995101220513142,0.9999993161958269,0.9999999849107117,0.9999989364279976,0.9999999916465133,1.0
4.689999999999986,0.9994364590209531,0.9999901107813727,0.9999991827227376,0.9999996778200974,0.9999999913982821,1.0
4.709999999999986,0.9998492077071487,0.999995910326109,0.9999973396976459,0.9999999116094068,0.9999999922717931,1.0
4.729999999999985,0.9992465151832072,0.9999912167461796,0.999998918969005,0.999999977877972,0.9999999961453051,1.0
4.749999999999985,0.9998720088747713,0.9999914001397772,0.999998457944314,0.9999999945094464,0.9999999972967285,1.0
4.7699999999999845,0.9997202907728312,0.999978373273529,0.999998415995295,0.9999999986093805,0.9999999981498257,1.0
4.789999999999984,0.9976905220469933,0.9999844448936013,0.99999874935821,0.9999999995031191,0.9999999987737889,1.0
4.809999999999984,0.999674568429438,0.9997881399474922,0.9999992397350961,0.9999999998459325,0.9999999992404968,1.0
4.829999999999983,0.9994249523866817,0.9999484991675032,0.999999481390024,0.9999999996931138,0.9999999995436311,1.0
4.849999999999983,0.993796391133863,0.9998875950156566,0.9999997640284393,0.9999999996811655,0.9999999998225281,1.0
4.869999999999982,0.9999489920332479,0.9999142375263302,0.9999998669948571,0.9999999998361523,0.9999999998441873,1.0
4.889999999999982,0.9945589036867428,0.9999566715149341,0.9999999213585782,0.9999999999132061,0.9999999998983745,1.0
4.9099999999999815,0.9994985552917798,0.9999875091696925,0.999999934666738,0.9999999999399978,0.9999999999398044,1.0
4.929999999999981,0.999302748914942,0.9999968861474201,0.9999999505093797,0.9999999999550195,0.999999999968911,1.0
4.949999999999981,0.9859556119470286,0.9999982140303147,0.9999999605297343,0.9999999999090288,0.9999999999828282,1.0
4.96999999999998,0.9991365866823725,0.9999988540734099,0.9999999724550126,0.9999999997719644,0.9999999999919134,1.0
4.98999999999998,0.9990891930248802,0.9999994189691268,0.9999999811383422,0.9999999994598745,0.9999999999937936,1.0
5.009999999999979,0.9907029885694018,0.9999998046185833,0.9999999871400646,0.9999999975491332,0.9999999999975032,1.0
5.029999999999979,0.9766143614262561,0.9999998592914785,0.9999999911710109,0.9999999956015186,0.9999999999949348,1.0
5.0499999999999785,0.9997468104834306,0.9999997075974377,0.9999999942059223,0.9999999972557576,0.9999999999942064,1.0
5.069999999999978,0.9993783933008332,0.9999992530323366,0.9999999960730472,0.9999999791314023,0.9999999999512384,1.0
5.089999999999978,0.9774599001179689,0.9999987395359528,0.9999999972787436,0.9999999945288953,0.9999999998838248,1.0
5.109999999999977,0.9958786149073338,0.9999985713546371,0.999999997364342,0.9999999955243889,0.9999999999370848,1.0
5.129999999999977,0.9936176938733249,0.9999995188748211,0.9999999962291836,0.9999999970206789,0.9999999999165952,1.0
5.149999999999976,0.9542409354928396,0.9999994950274106,0.9999999983569251,0.9999999983461307,0.9999999998146715,1.0
5.169999999999976,0.997801166710428,0.9999795723581808,0.9999999983438415,0.9999999992298589,0.9999999999683044,1.0
5.1899999999999755,0.9817754606105713,0.9999949293917143,0.9999999984830414,0.9999999995303185,0.9999999997336593,1.0
5.209999999999975,0.9289391921564432,0.9999870608539073,0.9999999986056558,0.9999999975463668,0.99999999994427,1.0
5.229999999999975,0.9800573716104698,0.9999837446062533,0.999999998648334,0.9999999845236435,0.9999999997635134,1.0
5.249999999999974,0.9866498981986267,0.9999881979858932,0.9999999985591639,0.9999999392638663,0.9999999997626178,1.0
5.269999999999974,0.9798318053513825,0.9999945344419428,0.99999999832238,0.9999998531326663,0.999999993565898,1.0
5.289999999999973,0.9514934711823002,0.9999981360736765,0.9999999978559809,0.9999998080000999,0.9999999983205466,1.0
5.309999999999973,0.9930398198122428,0.9999992453155374,0.9999999971273533,0.9999988402024127,0.9999999860424642,1.0
5.3299999999999725,0.9973679490102317,0.9999996485473752,0.9999999962513932,0.9999996327437075,0.9999999981887154,1.0
5.349999999999972,0.8652062477200665,0.999999633718985,0.999999995069797,0.99999974180551,0.9999999850741231,1.0
5.369999999999972,0.9928587846955699,0.9999996448110426,0.9999999938322361,0.9999997360343097,0.9999999982363602,1.0
5.389999999999971,0.9940016722331687,0.9999997132398408,0.9999999927485743,0.9999998149926352,0.9999999875923167,1.0
5.409999999999971,0.9593244428283857,0.9999998508408102,0.9999999912750893,0.9999999057665667,0.9999999849678866,1.0
5.42999999999997,0.8739243219719303,0.9999999495939672,0.9999999904231706,0.9999999577568066,0.9999999905659426,1.0
5.44999999999997,0.9729122065989915,0.9999999804407989,0.9999999894282094,0.9999999854452322,0.9999999705200996,1.0
5.4699999999999696,0.8141660412828837,0.9999999899383651,0.9999999841347037,0.9999999953907274,0.9999999843197013,1.0
5.489999999999969,0.9846610976728289,0.9999999919128235,0.9999999789999433,0.9999999983564104,0.9999999738623895,1.0
5.509999999999969,0.97651763195263,0.9999999945836653,0.9999999763469379,0.999999999454808,0.9999999852003035,1.0
5.529999999999968,0.9370552743782486,0.9999999969129458,0.9999999818493328,0.9999999997960055,0.9999999894012956,1.0
5.549999999999968,0.8846596919100124,0.9999999986143946,0.9999999875669534,0.9999999998933309,0.9999999589349345,1.0
5.569999999999967,0.8454704209976586,0.9999999982792772,0.9999999905815629,0.999999999792485,0.999999979835739,1.0
5.589999999999967,0.9257133483283837,0.999999999790959,0.9999999870741249,0.9999999992546919,0.9999999684287711,1.0
5.609999999999967,0.8960200832281976,0.9999999998954799,0.9999999850994199,0.9999999977363409,0.9999999730533891,1.0
5.629999999999966,0.913096724955697,0.9999999998858694,0.9999999859824381,0.9999999941906709,0.9999999824088781,1.0
5.649999999999966,0.7106409526054923,0.9999999998374903,0.9999999884632315,0.9999999876466956,0.999999954463942,1.0
5.669999999999965,0.884222604720511,0.9999999998302856,0.999999990705136,0.9999999827363181,0.9999999706127397,1.0
5.689999999999965,0.9069564906296804,0.999999999868202,0.9999999921436946,0.9999999816121817,0.9999999637113233,0.9999999999999793
5.709999999999964,0.7628875073002168,0.9999999999271647,0.9999999853675525,0.9999998653336292,0.9999999615006658,0.999999999991447
5.729999999999964,0.8293121575928164,0.999999999844059,0.9999999280081759,0.9999999722784703,0.9999999597249382,0.9999999999793068
5.749999999999964,0.8364757007955186,0.9999999999003436,0.999999887622086,0.9999999789774934,0.9999999610988551,0.9999999999858532
5.769999999999963,0.6549591522307039,0.9999999998700302,0.9999999428017992,0.9999999697586849,0.9999999499731467,0.9999999999133825
5.789999999999963,0.9401358006329303,0.9999999998493926,0.9999999358695059,0.9999999804685304,0.9999999822198459,0.9999999998196
5.809999999999962,0.8388847263435972,0.9999999998830675,0.9999999524013329,0.9999999876400207,0.999999936120663,0.9999999999746778
5.829999999999962,0.6590399766190621,0.9999999999070943,0.9999999323051958,0.9999999930614545,0.9999998899998435,0.9999999994583162
5.8499999999999615,0.9043901674181081,0.999999999897947,0.9999999335831994,0.9999999968383259,0.999999891765511,0.9999999998884144
5.869999999999961,0.6891429303129645,0.9999999998635264,0.9999999423581547,0.9999999986674295,0.9999999336700552,0.9999999989654882
5.889999999999961,0.4682187125384759,0.9999999998667641,0.9999999565001109,0.9999999994368226,0.9999999550413052,0.9999999979491319
5.90999999999996,0.9059287102959658,0.9999999998296165,0.9999999725731601,0.9999999997859862,0.9999997932145133,0.999999999792643
5.92999999999996,0.6399190343179777,0.9999999997611764,0.9999999821800913,0.9999999999153167,0.9999999374448667,0.9999999958606138
5.949999999999959,0.7964067817678798,0.999999999731683,0.9999999884865993,0.9999999999630721,0.9999996152866398,0.9999999992804822
5.969999999999959,0.7800155180625723,0.999999999750641,0.9999999933075046,0.9999999998881653,0.9999998879033878,0.9999999934720819
5.9899999999999585,0.6937312774636138,0.9999999984214171,0.9999999955900771,0.9999999987749995,0.9999998067339968,0.9999999957364359
6.009999999999958,0.8441229120439699,0.9999999993249817,0.9999999972648459,0.9999999937339579,0.9999996393179705,0.9999999924728548
6.029999999999958,0.9617271807053711,0.999999999619288,0.9999999983690234,0.9999999833455029,0.9999997938223106,0.9999999837575428
6.049999999999957,0.4636915704940105,0.9999999996272725,0.9999999990346746,0.9999999711163888,0.9999995326399312,0.9999999983052568
6.069999999999957,0.6138045444112059,0.9999999997730367,0.9999999994242637,0.9999999705535422,0.9999996597176793,0.9999999767671431
6.089999999999956,0.9522117381966209,0.9999999998429586,0.9999999996849339,0.999999978243808,0.9999992612717216,0.9999999977366381
6.109999999999956,0.6145694543053667,0.9999999998942736,0.9999999998328888,0.9999999309282068,0.999999859083008,0.9999999680675553
6.1299999999999555,0.9709293007176776,0.9999999999377468,0.9999999999192556,0.9999998877122519,0.9999994085806816,0.9999999982288242
6.149999999999955,0.7857101017262014,0.9999999999533633,0.9999999999663268,0.9999999715549055,0.9999996275349178,0.9999999599033735
6.169999999999955,0.9028260146705639,0.9999999999375396,0.9999999999896885,0.999999971184517,0.9999993033589568,0.9999999988614846
6.189999999999954,0.7468182121618613,0.9999999999094722,0.9999999999986242,0.9999999796243841,0.9999997666525052,0.9999999574728501
6.209999999999954,0.953538528948089,0.9999999999422681,0.9999999999999739,0.9999999885409161,0.999998885581855,0.9999999960033136
6.229999999999953,0.9527913298863488,0.9999999999435089,0.9999999999999918,0.999999992566025,0.9999999672680742,0.9999999567483004
6.249999999999953,0.9863101603604352,0.9999999999560076,0.9999999999999973,0.9999999947662098,0.9999993531478124,0.9999999955565815
6.2699999999999525,0.9637651542027925,0.9999999999804133,1.0,0.9999999974611742,0.9999999714945206,0.9999999612463354
6.289999999999952,0.9836910858707515,0.9999999999731424,1.0,0.9999999986652653,0.9999994865086067,0.9999999951635821
6.309999999999952,0.9947960433306307,0.9999999999483618,1.0,0.9999999992307171,0.999999896657336,0.9999999939484295
6.329999999999951,0.9583725375726173,0.999999999946051,1.0,0.99999999963936,0.9999999436876297,0.9999999720054904
6.349999999999951,0.720334434895755,0.9999999999522895,1.0,0.9999999998148152,0.9999995568041468,0.9999999946470026
6.36999999999995,0.7578923407112013,0.9999999999709372,1.0,0.9999999999035288,0.9999999073802689,0.9999999855394244
6.38999999999995,0.8812910389295068,0.9999999999850099,1.0,0.9999999999569354,0.9999996786123708,0.9999999997058017
6.4099999999999495,0.41594592016755655,0.9999999999946338,0.9999999999999993,0.999999999978086,0.9999996471451936,0.9999999809034126
6.429999999999949,0.6646589283757063,0.9999999999996155,0.9999999999999982,0.9999999999883713,0.9999987679037883,0.9999997059213019
6.449999999999949,0.8502320256510602,0.999999999999979,0.9999999999999963,0.9999999999882122,0.999997933498728,0.9999999160384357
6.469999999999948,0.7532559055891773,0.9999999999992049,0.9999999999999857,0.9999999999774392,0.9999966209764297,0.999999987126739
6.489999999999948,0.3530019107494019,0.9999999999961884,0.9999999999981147,0.9999999999540089,0.999994129548826,0.9999999837659876
6.509999999999947,0.7778341626145251,0.9999999999947252,0.9999999999951938,0.9999999999279914,0.9999947827375181,0.999999999759846
6.529999999999947,0.8030337161958617,0.9999999999919037,0.9999999999905138,0.9999999999052602,0.9999998925654262,0.9999999757970086
6.5499999999999465,0.6743067075669529,0.9999999999816399,0.9999999999875102,0.9999999998969482,0.999999951434033,0.9999999951398192
6.569999999999946,0.5176930594196687,0.9999999999678232,0.999999999986412,0.9999999999133393,0.9999999633526427,0.9999999964750317
6.589999999999946,0.6929502393847066,0.9999999999529974,0.9999999999863549,0.999999999946318,0.9999999670239855,0.9999999687959701
6.609999999999945,0.8099594047735545,0.9999999999428902,0.9999999999863948,0.9999999993698595,0.9999999114331645,0.9999999997869214
6.629999999999945,0.4768342004390196,0.9999999999414028,0.9999999999850927,0.9999999999567848,0.9999999829795353,0.9999999698905199
6.649999999999944,0.7403485939265475,0.9999999999575997,0.9999999999820841,0.9999999999428079,0.9999996211773486,0.9999999947815055
6.669999999999944,0.8144375887502201,0.9999999999846033,0.9999999999747631,0.9999999999443703,0.9999999444677055,0.9999999997650729
6.6899999999999435,0.7935918823672182,0.9999999999724773,0.9999999999711584,0.9999999999382769,0.9999995766902682,0.9999999690719427
6.709999999999943,0.7202324169439122,0.9999999999470914,0.9999999999613429,0.9999999999460397,0.9999998164610227,0.9999999988737803
6.729999999999943,0.8555190590278815,0.9999999999401405,0.9999999999512501,0.999999999980663,0.9999994395414994,0.9999999971829281
6.749999999999942,0.9499554519833314,0.9999999999468787,0.9999999999384457,0.9999999999688834,0.9999995481213381,0.9999999761929788
6.769999999999942,0.8467732402639027,0.9999999999618685,0.9999999999265885,0.9999999999914783,0.9999996493945315,0.9999999998739197
6.789999999999941,0.6186432986908366,0.9999999999784903,0.9999999999118718,0.9999999999907353,0.9999976124444394,0.9999999973402062
6.809999999999941,0.9745102067789215,0.9999999999882199,0.9999999999055826,0.9999999999928464,0.999999796333636,0.9999999823283743
6.829999999999941,0.8124389524858159,0.9999999999949576,0.9999999998919624,0.9999999999937004,0.9999975885035469,0.9999999999256295
6.84999999999994,0.7738683920267992,0.9999999999974664,0.9999999998827229,0.999999999988342,0.9999995568031705,0.9999999883644601
6.86999999999994,0.619460160248031,0.9999999999874128,0.9999999998595569,0.9999999999824153,0.9999979111386994,0.9999999973623043
6.889999999999939,0.9488920918072797,0.9999999999641832,0.9999999998493166,0.9999999999687033,0.9999991448700444,0.9999999999575527
6.909999999999939,0.8746086623258362,0.9999999999029315,0.9999999998680147,0.9999999999357687,0.9999967003388074,0.999999992053378
6.929999999999938,0.993020642232653,0.9999999997582416,0.9999999998068589,0.9999999998713401,0.9999980580655318,0.9999999985803487
6.949999999999938,0.8742301650116013,0.9999999994561605,0.9999999998234111,0.9999999997784219,0.9999983444152595,0.9999999999822745
6.969999999999938,0.8211191736528156,0.9999999986999438,0.9999999996036665,0.99999999968027,0.9999973005129845,0.999999995297225
6.989999999999937,0.8884766924317402,0.9999999974058418,0.9999999989144884,0.9999999996101121,0.999999484848289,0.9999999989682836
7.009999999999937,0.9813924350912715,0.9999999945043084,0.9999999982576059,0.9999999994583448,0.9999975323814121,0.999999999985533
7.029999999999936,0.8933023282353568,0.9999999900550209,0.9999999977316717,0.9999999991172741,0.9999991653305208,0.9999999995466667
7.049999999999936,0.6792663409739409,0.9999999807855132,0.9999999977821807,0.9999999983659471,0.9999983840846368,0.999999997149007
7.0699999999999354,0.9716297964328061,0.9999999661683534,0.9999999983710182,0.9999999974675647,0.9999991429016286,0.9999999999912801
7.089999999999935,0.9716920110704821,0.9999999461233154,0.9999999991306052,0.9999999967689331,0.9999988099824245,0.9999999997889107
7.109999999999935,0.911493692481856,0.9999999138954462,0.9999999988640699,0.9999999966654711,0.9999987921371573,0.9999999984413406
7.129999999999934,0.9865514169543547,0.9999998717663731,0.9999999988304468,0.9999999975435094,0.9999992658404541,0.9999999999925921
7.149999999999934,0.8322723058013789,0.9999998019891212,0.9999999987568159,0.9999999986891551,0.9999983867183889,0.9999999999929168
7.169999999999933,0.7994894121698588,0.9999996979741981,0.9999999986938441,0.9999999994980602,0.999997725507547,0.9999999992256664
7.189999999999933,0.9869888106937127,0.9999995854043573,0.9999999986302901,0.999999998598428,0.999997989370434,0.9999999998858702
7.2099999999999325,0.8597209155444996,0.9999994448920481,0.9999999988318548,0.9999999981318566,0.9999952496433733,0.9999999999973096
7.229999999999932,0.9954804733103523,0.9999992861651328,0.9999999989542275,0.9999999978933996,0.9999894400506733,0.9999999996468915
7.249999999999932,0.9727682467121164,0.9999991886330819,0.9999999990590192,0.999999997931952,0.9999853882534865,0.9999999999314747
7.269999999999931,0.8716310128576072,0.9999992212055686,0.9999999993350513,0.9999999982228523,0.9999809607843049,0.9999999999991616
7.289999999999931,0.9740488970018967,0.9999993878060315,0.9999999992939727,0.999999998742873,0.9999659206977726,0.9999999999774875
7.30999999999993,0.9612514617214122,0.9999996874819573,0.9999999995195511,0.999999998825311,0.9999390770665098,0.999999999849959
7.32999999999993,0.8881240830302978,0.9999997579391674,0.9999999996335999,0.9999999992899774,0.9999125023472469,0.9999999999829962
7.3499999999999295,0.9403936078026347,0.99999946027434,0.9999999996497009,0.9999999994595807,0.9999133948937219,0.9999999999997807
7.369999999999929,0.9906256643165886,0.9999992768809354,0.9999999997209343,0.9999999995290251,0.9998162028979959,0.9999999999456423
7.389999999999929,0.984349983041601,0.9999992376643757,0.9999999997971838,0.9999999996071214,0.9998419597503695,0.9999999999952317
7.409999999999928,0.9876313375737211,0.9999993206840211,0.9999999998435021,0.9999999991487794,0.9998545970616949,0.9999999999999053
7.429999999999928,0.9985816360708872,0.9999994759744284,0.9999999998837045,0.9999999966342459,0.9998083784324389,0.9999999999999098
7.449999999999927,0.977610794069727,0.9999996462948378,0.9999999998994001,0.9999999852986917,0.9996246484654301,0.9999999999768379
7.469999999999927,0.8915822981177957,0.9999997865712987,0.9999999999145535,0.9999999208921309,0.9997779050212154,0.9999999999998732
7.4899999999999265,0.9713779782593199,0.9999998809465486,0.9999999999311914,0.9999997241662929,0.9999640053394159,0.9999999999999734
7.509999999999926,0.9972777613174365,0.9999999362659803,0.9999999999466643,0.9999991373793596,0.9996910548002772,0.9999999999999482
7.529999999999926,0.9986507656805075,0.9999999649005448,0.9999999999664342,0.9999975556839816,0.9997313685846255,0.9999999999914188
7.549999999999925,0.9972577690968903,0.9999999800816674,0.9999999999750862,0.9999932094191604,0.9999863103085207,0.9999999999999744
7.569999999999925,0.9852269889286634,0.9999999887203194,0.9999999999816058,0.9999849449604661,0.9998883401390615,0.9999999999999931
7.589999999999924,0.9568482666227864,0.9999999937142908,0.9999999999846138,0.9999689403976709,0.9999420035803939,0.9999999999999829
7.609999999999924,0.9711970800955125,0.9999999953208628,0.9999999999899132,0.9999430192434322,0.9999944536328719,0.9999999999980349
7.6299999999999235,0.9979294739078287,0.9999999959286857,0.9999999999922451,0.9999034841234041,0.9999380025501639,0.9999999999999962
7.649999999999923,0.9936660377717533,0.9999999934618844,0.9999999999964048,0.9998730796927334,0.9993271999884966,0.999999999999999
7.669999999999923,0.9996139891475677,0.9999999879466416,0.9999999999977837,0.9998243458912357,0.9991117600192078,0.9999999999999997
7.689999999999922,0.9998868018726972,0.9999999738309904,0.9999999999980327,0.999813158353268,0.9996823208155883,1.0
7.709999999999922,0.9968726331754669,0.9999999548174168,0.9999999999976773,0.9997921615719604,0.9998277584921509,1.0
7.729999999999921,0.9996741482967056,0.9999999076894133,0.999999999997936,0.9998410615123856,0.9998568354353938,1.0
7.749999999999921,0.9963097488474307,0.9999998432740727,0.9999999999981524,0.9998860244528363,0.9999285490750338,1.0
7.7699999999999205,0.9909001668192746,0.999999767130147,0.9999999999983081,0.9999432097105856,0.999863474505571,1.0
7.78999999999992,0.9991755133478899,0.9999996154811412,0.9999999999936995,0.9999565534503669,0.9998240246316915,1.0
7.80999999999992,0.9981592581817058,0.9999995368537495,0.9999999999913691,0.9998959857268448,0.9999383412178262,1.0
7.829999999999919,0.999867466183075,0.9999993535169717,0.9999999999876479,0.9998634312316612,0.9998896574474935,1.0
7.849999999999919,0.998891626782226,0.999999334975121,0.9999999999800135,0.999840930641588,0.9999160981017376,1.0
7.869999999999918,0.9847560195296382,0.9999993099475657,0.999999999968438,0.9998296778845794,0.9998328219767967,1.0
7.889999999999918,0.9948156785095638,0.9999993346167121,0.9999999999469791,0.9998691797814907,0.9998386790929639,1.0
7.9099999999999175,0.9988259845407612,0.9999995607935489,0.9999999999082746,0.9998692712937569,0.9998634631304544,1.0
7.929999999999917,0.9902776511516895,0.9999997789511755,0.9999999998689141,0.9999147764573891,0.9998098853419082,1.0
7.949999999999917,0.9991425306758224,0.9999997717072647,0.9999999998057701,0.9999246623262452,0.9999619245326355,1.0
7.969999999999916,0.9998072105083637,0.9999995469007311,0.9999999997373664,0.9999544841240983,0.9998824079595366,1.0
7.989999999999916,0.9997498061851228,0.999999388134936,0.9999999996405985,0.9999698926194875,0.9999859211408375,1.0
8.009999999999915,0.9998473035966708,0.9999992718548943,0.9999999995193988,0.9999799487143789,0.9998913566185891,1.0
8.029999999999914,0.9970918910412692,0.9999992977750277,0.9999999993238237,0.999986461967729,0.9999239087789207,1.0
8.049999999999914,0.9995458262198686,0.9999994308948728,0.9999999991461997,0.9999921870721714,0.9999326607825896,1.0
8.069999999999913,0.9996358723171511,0.9999995466981889,0.9999999987739382,0.9999957339847203,0.9999733759399139,1.0
8.089999999999913,0.9998716036832762,0.9999996480727175,0.9999999984243639,0.9999975189856287,0.9999407501739989,1.0
8.109999999999912,0.9999740278104974,0.9999997347931449,0.9999999978394762,0.9999985570081904,0.9999902283854242,1.0
8.129999999999912,0.9999440824197268,0.999999807544645,0.9999999973706836,0.9999990963705616,0.9999607035267172,1.0
8.149999999999912,0.9995304619028486,0.9999998644713728,0.9999999965629823,0.9999994881183536,0.9999918657814051,1.0
8.169999999999911,0.9975027047569112,0.9999999056132196,0.9999999956204707,0.9999996294305655,0.999983656984411,1.0
8.18999999999991,0.9998217004413213,0.9999999354695577,0.9999999945498299,0.9999997597821043,0.9999738626435549,1.0
8.20999999999991,0.9989585850126815,0.9999999573429744,0.99999999276542,0.9999997999548342,0.9999900531590525,1.0
8.22999999999991,0.9998814878542416,0.9999999720614031,0.9999999917492286,0.9999997940188158,0.9999930250109562,1.0
8.24999999999991,0.9969908706601895,0.9999999819793909,0.9999999890846937,0.9999997377420209,0.9999887685629139,1.0
8.269999999999909,0.9999163063526173,0.9999999886867367,0.9999999874520578,0.9999996285063282,0.9999936870843907,1.0
8.289999999999909,0.9999209094875008,0.9999999930541154,0.99999998388907,0.9999994134653984,0.9999991749461868,1.0
8.309999999999908,0.9999885064921997,0.9999999958450703,0.9999999814094903,0.9999989239526961,0.9999955962408644,1.0
8.329999999999908,0.9999587191003307,0.9999999975998419,0.9999999770677699,0.999998577625045,0.9999964677148365,1.0
8.349999999999907,0.9988073650265311,0.9999999986601966,0.9999999734780703,0.9999980165056299,0.9999980092469652,1.0
8.369999999999907,0.9999509442607205,0.9999999992624848,0.9999999672937739,0.9999972577976868,0.999998941210056,1.0
8.389999999999906,0.9999487237161554,0.9999999995754487,0.9999999618642399,0.9999959182905259,0.9999955805629852,1.0
8.409999999999906,0.9999151292289933,0.9999999997269061,0.9999999581406598,0.999995246690443,0.9999985006939107,1.0
8.429999999999906,0.9979130855657721,0.9999999998233023,0.9999999475841362,0.9999947021578459,0.999999549215666,1.0
8.449999999999905,0.9999661597960033,0.999999999842201,0.9999999418992069,0.9999941951711969,0.9999991821045086,1.0
8.469999999999905,0.9999591129851919,0.9999999998844039,0.9999999349072252,0.9999937164938576,0.9999988262470595,1.0
8.489999999999904,0.9999502214739954,0.9999999999038792,0.999999927800526,0.9999935683720906,0.9999994191417928,1.0
8.509999999999904,0.9971068540802775,0.9999999999181092,0.9999999213834483,0.9999950456600539,0.9999997901272969,1.0
8.529999999999903,0.9997949095111762,0.9999999999410397,0.9999999132565375,0.9999964160532865,0.9999994587221046,1.0
8.549999999999903,0.999972768956425,0.9999999999676458,0.9999999029070424,0.9999980096282501,0.9999993381701427,1.0
8.569999999999903,0.9998628107544005,0.9999999999933052,0.9999999050283769,0.9999982113367117,0.9999997766843753,1.0
8.589999999999902,0.9996589464108796,0.9999999999754583,0.9999998946211872,0.9999968581290785,0.9999996894748254,1.0
8.609999999999902,0.9999888131235568,0.999999999970622,0.9999998819830462,0.9999958752982442,0.9999995858176114,1.0
8.629999999999901,0.9999956124480881,0.9999999999398119,0.9999998863756951,0.9999947384651704,0.9999996501183366,1.0
8.6499999999999,0.9999945777693804,0.9999999999414445,0.9999998792769992,0.9999937835185833,0.9999997602792994,1.0
8.6699999999999,0.9997676801851627,0.9999999999370295,0.9999998714410414,0.9999942843575947,0.9999998014124779,1.0
8.6899999999999,0.9996664347041486,0.999999999950902,0.9999998567302825,0.9999943996969046,0.9999997506491605,1.0
8.7099999999999,0.9998542108996732,0.9999999999293994,0.9999998230051593,0.9999944348934416,0.9999997609977048,1.0
8.7299999999999,0.9999947607990138,0.9999999999602869,0.9999998295235112,0.9999959393292254,0.9999999461059856,1.0
8.749999999999899,0.9999901179625966,0.9999999999591459,0.9999998067917352,0.9999967199391974,0.9999999126606366,1.0
8.769999999999898,0.9999822837885373,0.9999999999582433,0.9999998125202508,0.9999972283325633,0.9999999100734357,1.0
8.789999999999898,0.99965145655579,0.9999999999783253,0.9999997068370842,0.9999982027542723,0.9999997963365499,1.0
8.809999999999897,0.9986971882047312,0.9999999999836456,0.999999719937934,0.9999987318957037,0.9999998852707666,1.0
8.829999999999897,0.9999833668150924,0.9999999999830242,0.9999996923893552,0.9999990881860981,0.999999973490775,1.0
8.849999999999897,0.99999345564762,0.9999999999818139,0.999999634586878,0.9999994488536585,0.9999999282009495,1.0
8.869999999999896,0.9999965656731075,0.9999999999883546,0.9999997074485267,0.9999996630819703,0.9999999438069042,1.0
8.889999999999896,0.9999924906631315,0.9999999999886549,0.9999995651320971,0.9999997878611698,0.9999999350884973,1.0
8.909999999999895,0.999658050216698,0.9999999999904796,0.9999997215127714,0.9999998713057308,0.9999998418840008,1.0
8.929999999999895,0.999875371903336,0.9999999998500477,0.9999996652021677,0.9999999274570034,0.9999999288277519,1.0
8.949999999999894,0.999977911010337,0.9999999996657276,0.9999997548011639,0.9999999598089734,0.9999999513226965,1.0
8.969999999999894,0.9999935268143487,0.9999999994186097,0.9999998034100077,0.9999999768705868,0.9999999567343314,1.0
8.989999999999894,0.9997661232036333,0.9999999985381667,0.9999998119219121,0.9999999872282038,0.9999999858062321,1.0
9.009999999999893,0.9999777213035743,0.9999999953446037,0.9999998446603336,0.9999999934750282,0.9999999461029089,1.0
9.029999999999893,0.9995922771451365,0.9999999838832042,0.9999998127746884,0.9999999964591858,0.999999960046416,1.0
9.049999999999892,0.999983350420851,0.9999999520050341,0.9999998050386077,0.9999999980534323,0.9999999144377638,1.0
9.069999999999892,0.9998655388172747,0.9999998620359686,0.9999998102750315,0.9999999989722376,0.9999999823927292,1.0
9.089999999999892,0.9998350949675113,0.9999996803071589,0.9999997999767565,0.9999999994692972,0.9999999824270406,1.0
9.109999999999891,0.9999948712671343,0.9999991496536162,0.9999997984719364,0.9999999997452972,0.9999999786221943,1.0
9.12999999999989,0.9999980935907413,0.9999985071143178,0.9999997611614242,0.9999999998670112,0.999999968597118,1.0
9.14999999999989,0.9999929037412693,0.9999967445641961,0.9999997737627782,0.9999999999182485,0.9999999738242781,1.0
9.16999999999989,0.9998258000880433,0.9999953236700888,0.9999997712829493,0.9999999998950527,0.9999999734042976,1.0
9.18999999999989,0.9999943536852398,0.99999238248485,0.9999997229321248,0.9999999997496405,0.9999999664656671,1.0
9.209999999999889,0.9999832436610215,0.9999873213905861,0.9999997747288472,0.9999999993991304,0.9999999917341841,1.0
9.229999999999889,0.9999986426625544,0.9999850271064769,0.9999997683949782,0.9999999988259374,0.9999999907331105,1.0
9.249999999999888,0.9999940297130313,0.9999853268658071,0.9999996642384573,0.9999999977820013,0.9999999873695983,1.0
9.269999999999888,0.9999989163016133,0.9999812820752183,0.9999997545352244,0.9999999967404963,0.999999990259453,1.0
9.289999999999887,0.9999888044832485,0.9999784837497935,0.9999997331789839,0.9999999952982455,0.9999999898260998,1.0
9.309999999999887,0.9998497341183731,0.9999791838374582,0.999999556228579,0.9999999937303617,0.9999999848523907,1.0
9.329999999999886,0.9999777565426209,0.999988532279862,0.9999994219283593,0.9999999933909206,0.9999999782819781,1.0
9.349999999999886,0.9999972243268421,0.9999852761642147,0.9999984371668258,0.9999999918236436,0.9999999948801882,1.0
9.369999999999886,0.9996860969032454,0.9999929736404407,0.9999963365974646,0.9999999926340041,0.9999999936355849,1.0
9.389999999999885,0.9998909367169204,0.9999956417781162,0.9999921038446541,0.999999993013886,0.9999999953004173,1.0
9.409999999999885,0.9999623042466913,0.9999965470517016,0.9999856770154631,0.9999999938414107,0.9999999949722426,1.0
9.429999999999884,0.9999534826135934,0.9999943281061413,0.999979490547824,0.9999999952123354,0.9999999932922767,1.0
9.449999999999884,0.9999887507013007,0.9999861678900628,0.9999745583493687,0.9999999969775105,0.9999999941034386,1.0
9.469999999999883,0.9999731143880461,0.9999893279568245,0.9999712229463767,0.9999999986644234,0.9999999880367872,1.0
9.489999999999883,0.9999982953225836,0.9999885215402105,0.9999720965662906,0.9999999980705964,0.999999996539344,1.0
9.509999999999883,0.9999692294911767,0.9999832538514764,0.9999726555558752,0.9999999970086352,0.9999999974267036,1.0
9.529999999999882,0.9999676829348023,0.9999845810320935,0.9999793876456504,0.9999999963661756,0.9999999978774269,1.0
9.549999999999882,0.9999990880078694,0.9999889544857167,0.9999849186592952,0.9999999960210216,0.9999999973893021,1.0
9.569999999999881,0.9999991986782352,0.9999899067390214,0.9999945299371314,0.9999999943898351,0.9999999975559406,1.0
9.58999999999988,0.9999841352224825,0.9999907740698097,0.9999961021714483,0.999999995283362,0.9999999949255948,1.0
9.60999999999988,0.99998730871273,0.9999913350806395,0.9999817909335706,0.9999999951660731,0.9999999949172621,1.0
9.62999999999988,0.9999791458864472,0.9999895003964571,0.9999818650487718,0.9999999951907753,0.9999999972197073,1.0
9.64999999999988,0.9999991457401955,0.9999940066904829,0.9999848606311313,0.9999999952588488,0.9999999988593871,1.0
9.66999999999988,0.9999989785003367,0.9999955549518073,0.9999839149086102,0.9999999954485792,0.9999999980760776,1.0
9.689999999999879,0.9999874236674418,0.9999964337166253,0.9999829719867711,0.9999999961510645,0.999999998519312,1.0
9.709999999999878,0.999935985567225,0.9999971997629524,0.9999830751243375,0.9999999967795661,0.9999999982414022,1.0
9.729999999999878,0.9999512701147752,0.9999977523748184,0.9999831958938861,0.9999999973546935,0.9999999990529822,1.0
9.749999999999877,0.9999990843682567,0.9999983175529691,0.9999830493427277,0.9999999978497773,0.9999999983504075,1.0
9.769999999999877,0.9999995490036061,0.9999986927486053,0.9999832083345656,0.9999999980352596,0.9999999965848639,1.0
9.789999999999877,0.9999967812842637,0.9999990656677935,0.9999841538677301,0.9999999983249478,0.9999999993850498,1.0
9.809999999999876,0.9999939044612111,0.9999993249712035,0.9999854741350828,0.9999999986395248,0.9999999994095125,1.0
9.829999999999876,0.9999378409756605,0.9999995241338921,0.9999869837453934,0.9999999989120746,0.9999999996188823,1.0
9.849999999999875,0.999868043344933,0.9999996279515623,0.9999886508943381,0.9999999991811467,0.9999999991774707,1.0
9.869999999999875,0.9999921210051052,0.999999730332337,0.9999903781066573,0.9999999994898539,0.9999999993549964,1.0
9.889999999999874,0.9999513815304784,0.9999998573982819,0.9999910885371479,0.9999999994641251,0.9999999990778239,1.0
9.909999999999874,0.9999608163141241,0.9999998016776884,0.9999926079486127,0.9999999995684302,0.9999999988038029,1.0
9.929999999999874,0.9999952933426067,0.9999997853240531,0.9999938079939477,0.9999999997325447,0.9999999993153641,1.0
9.949999999999873,0.9999956620660034,0.9999998212066412,0.9999945132422624,0.9999999997553302,0.9999999995362905,1.0
9.969999999999873,0.9999902251687827,0.9999998689606193,0.9999955900491121,0.9999999998036906,0.9999999997538837,1.0
9.989999999999872,0.9999839831363766,0.9999998865520621,0.999996807279118,0.9999999998699383,0.9999999997035226,1.0
